Timestamp,Regulation,Status,Action,Notes,Reference
00:50,GDPR,Compliant,Quarantined flagged scripts,RSK-002 - Privacy policy updated,Data protection officer notified
01:15,CCPA,Compliant,Privacy controls verified,Consumer rights implemented,California resident compliance
02:30,SOX,Compliant,Financial reporting validated,Audit trails maintained,Sarbanes-Oxley requirements met
03:45,HIPAA,Compliant,Health data protection enabled,Patient information secured,Healthcare compliance verified
04:20,PCI-DSS,Compliant,Payment security enhanced,Encryption standards met,Financial transaction security
05:10,ISO 27001,Compliant,Information security management,Risk assessment completed,International security standard
06:00,NIST Framework,Compliant,Cybersecurity framework implemented,Critical infrastructure protection,NIST guidelines followed
07:30,FISMA,Compliant,Federal information systems managed,Security controls validated,US government compliance
08:45,GDPR,Compliant,Data processing agreements updated,Third-party vendor compliance,EU data protection
09:20,CCPA,Compliant,Consumer request tracking implemented,Data deletion procedures verified,California privacy law
10:15,SOX,Compliant,Internal controls tested,Financial statement accuracy,Corporate governance
11:30,HIPAA,Compliant,Access controls strengthened,Employee training completed,Healthcare privacy
12:45,PCI-DSS,Compliant,Network security assessed,Vulnerability scanning completed,Payment card industry
13:20,ISO 27001,Compliant,Continual improvement process,Management review conducted,Information security management
14:00,NIST Framework,Compliant,Incident response plan tested,Recovery procedures verified,Cybersecurity resilience
15:30,FISMA,Compliant,Security authorization obtained,System security plan approved,Federal compliance
16:45,GDPR,Compliant,Data breach procedures updated,Incident response team trained,EU regulation compliance
17:20,CCPA,Compliant,Opt-out mechanisms enhanced,Consumer privacy rights,California consumer protection
18:15,SOX,Compliant,Documentation reviewed,Internal audit completed,Financial reporting standards
19:30,HIPAA,Compliant,Risk analysis updated,Security measures assessed,Healthcare data protection
20:45,PCI-DSS,Compliant,Security policies reviewed,Compliance validation,Payment security standards
21:20,ISO 27001,Compliant,Asset inventory updated,Security awareness training,International security standard
22:00,NIST Framework,Compliant,Threat intelligence analyzed,Security posture assessment,Cybersecurity framework
23:30,FISMA,Compliant,Contingency planning tested,Disaster recovery verified,Federal information security
