Date,Initiative_ID,Initiative_Name,Investment,Return,ROI,Value_Enabled,Status,Reference
2026-01-15,FIN-001,Dark Mode Implementation,$15,000,$28,500,190%,Efficiency gains,Completed,FIN-001
2026-01-20,FIN-002,Mobile App Development,$45,000,$67,500,150%,User engagement,Completed,FIN-002
2026-01-25,FIN-003,Security Enhancement,$25,000,$52,500,210%,Risk reduction,Completed,FIN-003
2026-02-01,FIN-004,Performance Optimization,$20,000,$35,000,175%,Speed improvements,Completed,FIN-004
2026-02-10,FIN-005,API Integration,$30,000,$48,000,160%,Connectivity,Completed,FIN-005
2026-02-15,FIN-006,UI/UX Redesign,$18,000,$27,000,150%,User satisfaction,Completed,FIN-006
2026-02-20,FIN-007,Database Optimization,$22,000,$41,800,190%,Performance boost,Completed,FIN-007
2026-03-01,FIN-008,Compliance Framework,$35,000,$49,000,140%,Regulatory compliance,Completed,FIN-008
2026-03-05,FIN-009,Testing Automation,$12,000,$25,200,210%,Quality assurance,Completed,FIN-009
2026-03-10,FIN-010,Monitoring Dashboard,$8,000,$16,000,200%,Operational visibility,Completed,FIN-010
Summary,TOTAL,All Initiatives,$230,000,$390,500,159%,$243,000,Overall Success,FIN-001-010
