Training_ID,Training_Title,Target_Audience,Date,Duration,Participants,Completion_Rate,Outcome,Knowledge_Transfer_Status,Reference
TRN-001,React Best Practices,Development Team,2026-01-10,2 days,25,96%,Enhanced component optimization,Knowledge transfer confirmed,TRN-001
TRN-002,iOS Development Fundamentals,iOS Team,2026-01-15,3 days,12,100%,Native app skills improved,Knowledge transfer confirmed,TRN-002
TRN-003,Android Performance Optimization,Android Team,2026-01-20,2 days,15,93%,CPU utilization techniques mastered,Knowledge transfer confirmed,TRN-003
TRN-004,Security Compliance Training,All Teams,2026-01-25,1 day,50,98%,GDPR/CCPA understanding enhanced,Knowledge transfer confirmed,TRN-004
TRN-005,Agile Methodologies,Project Management,2026-02-01,2 days,20,95%,Sprint planning improved,Knowledge transfer confirmed,TRN-005
TRN-006,DevOps Practices,Dev/Ops Teams,2026-02-05,3 days,18,94%,CI/CD pipeline optimization,Knowledge transfer confirmed,TRN-006
TRN-007,UI/UX Design Principles,Design Team,2026-02-10,2 days,8,100%,Design system adoption increased,Knowledge transfer confirmed,TRN-007
TRN-008,Database Performance,DBA Team,2026-02-15,2 days,10,90%,Query optimization techniques applied,Knowledge transfer confirmed,TRN-008
TRN-009,Cloud Architecture,Infrastructure Team,2026-02-20,3 days,14,92%,Scalability patterns implemented,Knowledge transfer confirmed,TRN-009
TRN-010,Executive Technology Strategy,Executive Team,2026-02-25,1 day,8,100%,Strategic decision-making enhanced,Knowledge transfer confirmed,TRN-010
